iter	MultiClass
0	0.5968464548
1	0.3745395619
2	0.2640231827
3	0.212838489
4	0.1761237123
